feature,importance
rs1000933,0.0009716851183823468
rs10022837,0.001110492640314041
rs10029877,0.0008261331760704806
rs10034000,0.0010475281912794953
rs10060937,0.000925768483324733
rs10086650,0.001489783152627189
rs10096386,0.00139043242114059
rs1010161,0.0009262057892397423
rs1010504,0.000677137870855148
rs1013848,0.0006400975386725595
rs1014635,0.0011377720373034856
rs10178085,0.0008387196060326248
rs10197559,0.0008983579810801091
rs10198586,0.0006099804639341466
rs1020997,0.0009443814514323868
rs10215692,0.0010605338503587034
rs10216437,0.0006995875745875743
rs1024603,0.0006974943693693697
rs10265213,0.0006274946625823819
rs10267710,0.0007160796840073157
rs1033390,0.0009963070373657068
rs1033524,0.0007183644478249685
rs1037381,0.001036307648587485
rs1041273,0.0007309941520467835
rs10444533,0.001174104837139204
rs10448312,0.0010587974219212126
rs10484854,0.0007632381970589803
rs10488930,0.0010531485830792692
rs10490918,0.0007025491400491402
rs10494418,0.0005201984559782722
rs10494829,0.0005629691409507922
rs10498654,0.0015404598180176424
rs10500769,0.0007637347170802603
rs10501996,0.0008264462809917355
rs10502602,0.0008067195663103595
rs10502844,0.000977954301769986
rs10502969,0.0009905283098295098
rs10504671,0.0007772248404354654
rs10505712,0.0009507667976644445
rs10506833,0.0006205159203935215
rs10509200,0.0007048154775060074
rs10509470,0.0009125121903801488
rs10513704,0.0009795399111023073
rs10517639,0.0009547975877065064
rs10518440,0.0006014982373678024
rs10520753,0.0005111621114124765
rs1058867,0.001186467266262288
rs10739600,0.0008305738487678436
rs10758432,0.0007842638291320599
rs10765730,0.0008774445219458005
rs10766536,0.000748047294144096
rs10774435,0.0008010649559137227
rs10784404,0.0013843198791908208
rs10795607,0.0005439591377091377
rs10804418,0.0006358130959793901
rs10823333,0.000992406741535662
rs10825371,0.0009439673223208705
rs10837436,0.0006444524427437534
rs10866303,0.0007889522435324201
rs10904764,0.0005228758169934639
rs10904847,0.0005021971123666038
rs10908907,0.000998925886143931
rs10917557,0.0007728284303498157
rs10918897,0.0011464136763036808
rs10947428,0.001377120714482664
rs10984184,0.0005315277486178184
rs10993172,0.00063729302202075
rs10994553,0.0006747494773784653
rs10997263,0.0006512605042016802
rs11003453,0.0008909760366959827
rs11017007,0.0006501155761024182
rs11021469,0.0005891702586206896
rs11025670,0.0011115741705447911
rs11026074,0.0009204119373610895
rs11034493,0.0008475906639921327
rs11050645,0.000822443722890125
rs11065744,0.0007026658270361042
rs11079162,0.0009268078945363098
rs1109798,0.0006625311897243548
rs11099004,0.0008682140320452063
rs11102350,0.0007361673542127802
rs11117584,0.0006793736870042837
rs11118119,0.0010090020508965246
rs11120889,0.0011737598265112491
rs11123477,0.000651765197409651
rs11131168,0.0005890848282152631
rs11136866,0.0009276299912266587
rs11138655,0.0009579263339047531
rs11157727,0.0011721912710178754
rs11193007,0.000681553223926105
rs11201157,0.0005907797334246292
rs11207322,0.0007770676428521413
rs11208446,0.0007880878160504044
rs11208645,0.0005293005671077504
rs11222239,0.0012931839897846848
rs11245290,0.0007247002935937007
rs11250186,0.0005605892705821004
rs1144836,0.0014797109485331196
rs11548,0.0011609252694143677
rs1157840,0.0011233109461907126
rs11590469,0.0006713608245132767
rs11617026,0.0007047985113327839
rs11621312,0.000824454250407513
rs11625755,0.0008271619684663167
rs11634845,0.0009999359601855324
rs11654085,0.0009664274753426569
rs11659290,0.0005490269422191744
rs11674142,0.0005995847856312971
rs11690358,0.0007102004094485293
rs11695911,0.0007166806370494551
rs11710115,0.0005640536833197386
rs1171826,0.0008888089240734077
rs11726374,0.000981101882191572
rs11744977,0.0007420096093586794
rs11753432,0.0009982565262463472
rs11755586,0.0006564936443891635
rs1176493,0.0008549925086744534
rs11780592,0.0011948250859498476
rs11816253,0.000815820588655116
rs11819948,0.0006388925861839477
rs11823347,0.0007953818917902092
rs11844740,0.0005531759598947428
rs1184626,0.0006060606060606061
rs11850274,0.0008709366587813039
rs11850341,0.0007046831638483179
rs11854123,0.0007645707123459365
rs11858419,0.0006444683136412456
rs11861962,0.0006295124923397691
rs11866532,0.0006109692544730422
rs11944489,0.0010176155312454094
rs11950313,0.0008024552314449822
rs1196753,0.0005509641873278236
rs12003447,0.0009129618033813399
rs12032422,0.0007593635316154849
rs12038272,0.000712194201350995
rs12043594,0.0008563068446727292
rs12045886,0.001845175975019905
rs12087287,0.0008679027865074363
rs12144183,0.0007009157124630565
rs12147296,0.0013278083611487738
rs12163565,0.001245704837898066
rs12189640,0.0009783923005180569
rs12252306,0.0008858785214379769
rs12262718,0.0012270570198704
rs12293744,0.0005042080521646826
rs12310281,0.0012985820247023397
rs12320988,0.0007896813064556345
rs12329372,0.0009794158942555181
rs12346672,0.0010546006815824569
rs12401326,0.0008490866991119659
rs12428880,0.0005835432409739713
rs12435120,0.0007523031645144903
rs124672,0.0010014813275872646
rs1248678,0.0010669306578358338
rs12513511,0.0008099916387959865
rs12525342,0.0012132223479846558
rs12596055,0.000582001540648157
rs12619156,0.000947363169055518
rs12627970,0.0010498968896086413
rs12636452,0.000937743346651975
rs12656030,0.00109923999495726
rs12678080,0.0007657342657342652
rs12750249,0.0005628743623688865
rs1277152,0.0005230511316010054
rs12779404,0.0007532956685499057
rs12795611,0.0006244520005987894
rs1280687,0.0005647354110018823
rs12824773,0.0007227696246241776
rs12826335,0.000637596388770311
rs12868833,0.001261003226976762
rs12891534,0.0006332941189405518
rs12908851,0.0009555681087714512
rs12912283,0.0007573177508110914
rs12915528,0.000571974727852736
rs12915940,0.0006831645173016525
rs12940379,0.0005906803762852767
rs12966257,0.001023755399824038
rs12974194,0.0008182456568863913
rs1297517,0.0006310791146511447
rs12998321,0.0008483563096500531
rs13006682,0.0009759908129473347
rs13021944,0.0006956517185020232
rs1304138,0.000683492182355227
rs13054394,0.0007780798996025933
rs13064352,0.0005986647637679532
rs13078933,0.0006837080381890976
rs13085064,0.001085572345313497
rs13094224,0.0011205793471454632
rs13118367,0.0007005149083942041
rs13130144,0.001315168548498484
rs13139048,0.0016284845534690197
rs13152512,0.0012208477166914514
rs1320794,0.0007107781529033898
rs13226406,0.0005950482266271737
rs1324087,0.0008097928436911485
rs13258852,0.0009430883252872781
rs13274955,0.0007986112155096459
rs1329667,0.0005064359569529435
rs1332684,0.0012154596070443017
rs1336400,0.0007450957044622391
rs1338668,0.0007793332371193533
rs1345189,0.0012432838052672762
rs1352658,0.0010202032479813166
rs1365347,0.0006951509847341475
rs1367352,0.0013168199277558794
rs1370512,0.0011771878483834992
rs1386735,0.0010126725709945338
rs1405688,0.00099219293453698
rs1411390,0.0006668040953755234
rs1417491,0.0007977274217683422
rs1422418,0.0008931504358333629
rs1427781,0.0016216868715323786
rs1429258,0.0005687382297551786
rs1430666,0.0006018376049588956
rs1438342,0.0005038276224716902
rs1444293,0.0008462483403854024
rs1446928,0.0007624448645242592
rs1461100,0.001219580419580421
rs1462622,0.0005899377185061703
rs1469393,0.0009385646490198589
rs1470608,0.0013502297175452854
rs1474798,0.0005166283204350552
rs1475673,0.0012356531751829337
rs1480617,0.0005462871509383136
rs1484087,0.0006261740763932374
rs1490070,0.0006893614468672201
rs1499417,0.0006042015860291631
rs1505272,0.001091046572737151
rs1505509,0.0005714425799492537
rs151288,0.0006193536369563191
rs151809,0.0009118159931302979
rs1519238,0.000735002521187847
rs1525642,0.0006018869641719503
rs1526691,0.0006006603046076731
rs1531642,0.0008239952401862101
rs1538608,0.0008391489289227057
rs1538752,0.0007957559681697602
rs1540671,0.0007948373665159028
rs155294,0.0008345892913919046
rs1553191,0.0009467058159002206
rs1556447,0.0008377560919933794
rs1571513,0.0005223214285714283
rs1571840,0.0007907105563355557
rs1573033,0.0011277650845694476
rs158850,0.0009049865186560333
rs1607970,0.0006819312132181078
rs1631980,0.0005549588256355173
rs1642592,0.0007083515033600573
rs1653032,0.0009842979772225044
rs1675772,0.0009947546284059595
rs1676536,0.0007750397456279806
rs16838698,0.0005741626794258371
rs16849528,0.0016194485371500737
rs16851527,0.0008454954089461274
rs16856590,0.0010584209050531002
rs16867044,0.0012014950515086532
rs16887173,0.0005953624399415083
rs16893589,0.0006004393390064118
rs16907140,0.0007785656375873473
rs16912081,0.0007304693180165773
rs16925750,0.0005188427952655595
rs16926616,0.000727538649357556
rs16938673,0.000559753708368318
rs16950821,0.0009999397263388797
rs16959551,0.0011396727349460023
rs17058573,0.0011542224431240987
rs17090446,0.0006452525769020969
rs17123650,0.0012521162787559323
rs17130136,0.000863513231923316
rs17146441,0.0005562751336423392
rs17150369,0.0006066399395072118
rs17160130,0.000608108108108108
rs17293711,0.0010818721519150359
rs1730642,0.0008832519178657411
rs17307096,0.0008936946326211577
rs17331662,0.000825331464756902
rs17354029,0.0010729745938919861
rs17365991,0.0012237276724826104
rs17367052,0.0007550985515144709
rs17379910,0.0010887960798055976
rs17387292,0.0005264257363693336
rs17419570,0.0008502828258514863
rs17439140,0.0012490972574532213
rs1753579,0.0011586004609260424
rs17548270,0.0018535605605713042
rs17568156,0.0006854298949702402
rs17629839,0.0006303687729446297
rs17639568,0.000926394137620135
rs17672142,0.0007710783201291093
rs17678811,0.000849518517915044
rs17729858,0.0007809485022047631
rs17734766,0.0007691928405897141
rs17740117,0.0005005688712039694
rs17741574,0.0010771302784129784
rs17749506,0.001030405405405405
rs17753324,0.0008609908052674941
rs17754357,0.0012531716279789746
rs17782215,0.000998830058897208
rs17786966,0.0011075744687004797
rs1793064,0.0009266304347826081
rs1801260,0.0005206295985843344
rs1829568,0.0005792158061557768
rs184968,0.000788115369953886
rs1853195,0.0012301669072444918
rs1858880,0.0006715478244648604
rs1861481,0.0016590459879684855
rs1869184,0.0006332408049965299
rs1869892,0.0010800232330579202
rs1871180,0.0005963302752293578
rs1871238,0.0009931811545577987
rs1876105,0.0005323940550557798
rs1876555,0.0005683014102294251
rs1880404,0.0005797670266569111
rs1881536,0.0007700929649897801
rs1887814,0.0019368903548426528
rs1893249,0.0013313842869738736
rs1923662,0.0012096743402857655
rs1946039,0.0005807687702071607
rs1946815,0.0006566405422579959
rs1957210,0.0010146470408638787
rs196683,0.0007552589547711317
rs1979375,0.0005129301132720665
rs1984285,0.0010667041936391784
rs1984559,0.000847544595695874
rs198475,0.0007843385155496796
rs1992668,0.0007001490174164097
rs1994020,0.0006974456797114838
rs1999513,0.0010168010923678418
rs2004107,0.001077820035135813
rs2006950,0.0009516843661288554
rs2026516,0.000791739693667606
rs2028573,0.0005340641374832781
rs2033994,0.0005497807016607584
rs2040366,0.0009172450826355886
rs2040450,0.0005483723390483398
rs2044492,0.0010451342048587572
rs2054793,0.0012307687319791291
rs207465,0.0006908960057574666
rs207529,0.001454843602012442
rs2079459,0.000612313852221821
rs2109262,0.0006614531402641577
rs2109422,0.0010732668930018615
rs2109435,0.0011820607038410247
rs2112502,0.0011685875100509243
rs2117011,0.0006376328401750363
rs2118769,0.0010119960858692616
rs2121344,0.00119781656143398
rs214697,0.0007751614919774951
rs2147925,0.0007895811408676302
rs2152001,0.0010160906446428925
rs2153240,0.0005866331447726797
rs2165627,0.0007734157451671571
rs2168314,0.0010032000826844447
rs2170489,0.0009352934551453198
rs2173086,0.0008685286935286931
rs2181766,0.000582568843974611
rs2182644,0.0007619363599523183
rs2183487,0.0009147946647946642
rs2184754,0.0007588075880758803
rs2185811,0.0006829362893150593
rs2189990,0.0005251093977912064
rs2192567,0.0007349768722109039
rs2193218,0.000692740655217203
rs2194633,0.0008957371398075954
rs2202950,0.0012453600295672565
rs2208608,0.00083559640693545
rs2215532,0.0007946055114721168
rs2218329,0.0008770863879659171
rs2227612,0.0008774722268545524
rs2237213,0.0007903598816381009
rs2241343,0.0007424795190590551
rs2242458,0.0008579266571666562
rs2243250,0.0007407220579860593
rs2250789,0.0006340579710144927
rs2253443,0.001179840591467546
rs2253503,0.0015886128013833192
rs2267184,0.0008383063912478092
rs2267703,0.0006916582685250327
rs2268347,0.000799128255321733
rs226930,0.0011244664972949923
rs2278133,0.0010963893094439075
rs228049,0.0005797422547173294
rs2285261,0.0007820575785214806
rs2287071,0.0006394665646435113
rs2291957,0.0009945664016667497
rs2292156,0.0010009297087750092
rs2292243,0.0005478896103896104
rs2294013,0.0008801243070076151
rs2297740,0.001145478947131839
rs2298866,0.0011717660744681748
rs2303658,0.0010821967319142474
rs2303705,0.000847106655296811
rs2326160,0.001008633663135772
rs2330668,0.0008909120537027504
rs2333255,0.0011537235026171887
rs2335817,0.0009276138957334377
rs235772,0.0009491993001556062
rs2381780,0.0012613327762690618
rs2387154,0.0012350982553278884
rs2395399,0.0008499643619056927
rs2409466,0.0008724492394531612
rs2466048,0.001024913576087554
rs2469390,0.0008792975462512967
rs2495510,0.0005655970445455378
rs2496590,0.0024178700580019985
rs2514457,0.0008323253436035385
rs2517439,0.0008280619614484232
rs2523849,0.0006584448160535118
rs2532975,0.0009706766013966666
rs2533005,0.001357602294841661
rs253720,0.0005060088551549651
rs2543528,0.0009693245453193912
rs2545990,0.0007517843392282851
rs2569861,0.0012017579574942739
rs2581722,0.0006066796250712535
rs260617,0.0007272926105393113
rs261487,0.0005947263745428883
rs2673606,0.0006458963031853056
rs2690897,0.0011811173281634918
rs2691694,0.0011056587481023765
rs270028,0.0005905416914399576
rs2700367,0.0016825931382866755
rs2710647,0.0006174431088792574
rs2711390,0.0005851029704240711
rs2721266,0.0009123967769337727
rs2741023,0.0009349728224844226
rs2749907,0.001446702239154339
rs27550,0.0005423048591531406
rs2755209,0.0006093749999999998
rs2768436,0.000618337841380677
rs2782185,0.0009286596005345999
rs2788056,0.0005918044654423529
rs2794497,0.0009930598502027072
rs2805543,0.0010087576532589312
rs2807767,0.0011390629997239125
rs2824707,0.0018727259938485948
rs2828986,0.0009868972589726517
rs2830531,0.0010642187905706873
rs2837112,0.0007956648038380228
rs2837907,0.0009624515549823278
rs2839616,0.0008146334089191228
rs2880974,0.0007039843965824254
rs288450,0.0006377387192672148
rs2900601,0.0009285891569270257
rs2916493,0.0007156269559774668
rs291753,0.001530240983999466
rs2926511,0.0009906592809818622
rs292661,0.0006621663456603894
rs2933170,0.0005911798889021074
rs2936590,0.0007930325003495732
rs293779,0.0005729639508066383
rs2946834,0.0009428129188052272
rs296429,0.0011373707533234867
rs2968349,0.0010671048975889224
rs2980876,0.0007680945347119642
rs2992453,0.0008372841935772429
rs3007285,0.0007823896271775943
rs304077,0.0005918162903598673
rs305234,0.0009173207381167372
rs3088235,0.0007933507366399617
rs3093983,0.0006845552503697442
rs3095203,0.0006587068965517239
rs310731,0.0007415269356577789
rs3129890,0.0008727477477477474
rs32951,0.0006853113764791209
rs331603,0.0010129603505342774
rs33713,0.0007638533674339297
rs345776,0.0012588081847180394
rs359114,0.0005480939842265115
rs362949,0.0008351004498486202
rs363096,0.0013033100394255158
rs3733397,0.0007749006888006117
rs3733980,0.0010559961618118576
rs3739680,0.0008719636369114374
rs3740065,0.0007006290641786824
rs37440,0.001013378159649709
rs3754098,0.0006906968370383003
rs3760595,0.0007965906765728956
rs3794977,0.0008670757996596518
rs3797326,0.0006819558466423296
rs3804490,0.0010400131903861587
rs3805005,0.0007039499967416284
rs3806109,0.0006759669500658598
rs3828599,0.0013062456074897871
rs3853181,0.0005095986038394416
rs3892156,0.0007096639532456691
rs390287,0.0008564915670562677
rs3913424,0.0007923692900153808
rs3942865,0.0006609639056958065
rs3949852,0.0006631362780703922
rs395640,0.000726088385573849
rs4075845,0.0010286829611294598
rs4077293,0.001484047519267895
rs410056,0.001063594301404343
rs4107736,0.0007902648891451381
rs4132508,0.000559753708368318
rs4143549,0.0005016722408026755
rs4144717,0.0008074196299497039
rs4149259,0.0008095436549281104
rs4242336,0.000604006163328197
rs4244593,0.0005298533091301575
rs4246783,0.0005000259674756192
rs4253755,0.0006516606443675847
rs4255684,0.0008816120906801004
rs4269167,0.0008109021286180875
rs4289236,0.0009812650362764966
rs4296429,0.0013541901437838229
rs4325124,0.0007171243314309619
rs4342481,0.0007042231170531409
rs4349250,0.0005689735658258595
rs4351174,0.0009448025909845703
rs435810,0.000503778337531486
rs4363415,0.0007247980970285243
rs4370987,0.0007718408969603684
rs4384428,0.0007237667224080267
rs440597,0.000508047442180758
rs4407997,0.0008456606250315543
rs4408410,0.0007427727368643169
rs4410798,0.0009258656246608047
rs441517,0.0006507608305372243
rs4451907,0.000536720636908489
rs4453726,0.0005816021386013001
rs4490487,0.0009617388384419947
rs4499132,0.0011950351605524022
rs4508090,0.0010182066933277203
rs4512638,0.0006789606035205364
rs4522384,0.000633691251540222
rs4551124,0.000556676850598201
rs4553961,0.0010011137390346758
rs4563275,0.0009064615201121146
rs4563869,0.0008984270532957807
rs4566993,0.0005254775972257649
rs4585986,0.0005102397427832528
rs4613008,0.0006527610740592263
rs4642505,0.000547622216729098
rs4648527,0.001203972535392301
rs4667867,0.0009588564713218458
rs467326,0.0007294499058774314
rs4689443,0.000561533188280528
rs4689773,0.0010717621300506785
rs4694523,0.0008148043277398585
rs4696290,0.0009303990383381925
rs4699014,0.0005487504272887644
rs470131,0.0008599673153585454
rs4722322,0.0009767843563574816
rs4722388,0.0005976036095258013
rs4743082,0.0009020890483224305
rs4750722,0.0009480822433739735
rs4753332,0.0009427085263847186
rs477224,0.0011832708282746994
rs4773339,0.0009129389129389124
rs4778032,0.0009164290865165251
rs4780798,0.0010245044153137537
rs4783782,0.0007567555173273887
rs4785185,0.0006146074510629338
rs4785648,0.0013886699427496398
rs4789378,0.0008102975311247093
rs4793793,0.0014685899033276893
rs4797206,0.0009471153154230303
rs4797604,0.0006220701573900151
rs4814204,0.0006483358275398281
rs4815533,0.00063252737918272
rs4818163,0.0007566159909909907
rs4841389,0.0008178995008746731
rs4850925,0.0005240325552825552
rs4865673,0.0008744642964453002
rs4867311,0.0006465579448693895
rs4871791,0.0005756186526426243
rs4877115,0.001694200192419846
rs4879741,0.001095605667352051
rs4896067,0.0009844161276915929
rs4915816,0.0008258906944447896
rs4918546,0.0008780529755761964
rs4926249,0.0008701017652424303
rs4937970,0.0007407214308227893
rs4939999,0.000867267838426997
rs4946640,0.000550407188991856
rs4960355,0.001141639389898391
rs4962257,0.0008299727180666926
rs4964190,0.0006474702380952379
rs497065,0.0006625283739680363
rs497476,0.0006196402426270653
rs4976890,0.0010991226630404924
rs4978721,0.0008758943694244879
rs4989308,0.0005337501667969268
rs501461,0.00066795041521242
rs505399,0.0006956521739130436
rs507958,0.0006310883142482206
rs509931,0.0008034407839311842
rs515800,0.0006367982293017896
rs564744,0.0005274115197779319
rs567831,0.0009115735981534998
rs569258,0.000943555181128896
rs575671,0.0005419136325148179
rs584581,0.0010770194113963673
rs586246,0.0005463270579549646
rs588655,0.001117672775327635
rs589292,0.001220806350532693
rs599483,0.000928928346332382
rs600511,0.0006117966952520393
rs6008817,0.0007516685102099154
rs6015260,0.001127821567612143
rs6025446,0.0009237311806141817
rs6033897,0.0013667064285253709
rs603666,0.0012623398445704675
rs6041737,0.0005152518114321494
rs6043091,0.0008174948477215478
rs6063864,0.0005067567567567568
rs6065487,0.0005720871751886002
rs6081714,0.000583611053529571
rs6095541,0.0005848352189815606
rs610587,0.0008530496581504135
rs6108123,0.0009485658210666942
rs6127438,0.000759241734755032
rs6140828,0.0006268162722601846
rs6180,0.0007365432901591051
rs618171,0.0008014178742994374
rs625164,0.0006600599888774423
rs627441,0.0006711361882579481
rs628419,0.0007005448682308462
rs630276,0.0010916659354159352
rs633269,0.0010402248320412167
rs636797,0.0005920605753904359
rs636926,0.001226768203393018
rs6414331,0.0007024117875805468
rs6445815,0.0006132817225111888
rs6452297,0.001055693122748433
rs6453981,0.0005110237575686471
rs6455680,0.0008456234262685895
rs6456095,0.0010066527996698785
rs6456508,0.0006767075151662488
rs6485968,0.0007730809257148517
rs6489469,0.0005173688100517368
rs6496186,0.0006921614198182969
rs6499904,0.0005338156791811883
rs6535893,0.0005714923540573723
rs6538288,0.0007338427158108135
rs6549127,0.0009628378378378383
rs6557962,0.0007874542124542115
rs6561302,0.0005397427788319629
rs6572093,0.0010623381656127233
rs658126,0.0006714398877767196
rs6584604,0.0009691606119730464
rs6590919,0.000990352572822658
rs6592621,0.0008182007931538297
rs6594793,0.0009753256954036989
rs6597451,0.00106262797429923
rs662438,0.0006293199722314448
rs6663620,0.000855977049910873
rs6676749,0.0006074193644815115
rs6691335,0.0008239959745880178
rs6717347,0.0005513489052477601
rs6722241,0.0009172792528746628
rs6724143,0.0010587745008223918
rs6724503,0.0012206567287699128
rs6724972,0.0011164619892710184
rs6727569,0.0007163980400239633
rs6729737,0.0005833397156059321
rs6735395,0.0005870604611753311
rs6750760,0.0010902300615209149
rs6765905,0.0005725190839694656
rs6786236,0.0012557628308857214
rs6789465,0.000933390865305137
rs6810447,0.0010889657148535688
rs6810619,0.0007047125641561952
rs682626,0.001000305516554545
rs687740,0.0006939946675898611
rs6896697,0.0007539415362600236
rs6897379,0.0012088438865662419
rs6909960,0.0005966151742458311
rs6942152,0.000856175503543772
rs6946675,0.0005194925670817969
rs6953643,0.001101322629127553
rs6970096,0.000654911838790932
rs6976548,0.0007859948180322381
rs6998793,0.001092915608360392
rs7001674,0.0005893106268340789
rs7040739,0.0006046138707678848
rs7048642,0.0009037325179423349
rs704941,0.0006988527167899365
rs706733,0.000508492346403858
rs7067829,0.0009158877731299307
rs7067849,0.0007057340894770005
rs7080781,0.0006672226855713093
rs7081521,0.0013738033842316374
rs708384,0.0005678960603520535
rs7092063,0.000972726785230568
rs7098468,0.001333298728380835
rs7103239,0.0007514415409152248
rs7109068,0.0009859074158639802
rs711012,0.0008208798147758364
rs7120772,0.0008542199206359073
rs712960,0.0010686033500474617
rs7133699,0.001083778913263916
rs7145447,0.0010207122804942216
rs7146135,0.0009115274671643635
rs7150478,0.0009784406290405028
rs7150673,0.0008742213329276679
rs7157032,0.0015354510012338043
rs7170093,0.0008417538948048517
rs7188498,0.0009125064040530532
rs7206460,0.001030312202061169
rs7207116,0.0016224246243149835
rs7217767,0.0012962986137339913
rs721842,0.0008297901222134162
rs7218918,0.0008421287491054928
rs7219088,0.0007409503347464937
rs7226782,0.0006317105537337822
rs7233554,0.0008113984788572165
rs7235847,0.0009363806924782535
rs7236100,0.0005461597968438633
rs726256,0.0009075964900094922
rs7277420,0.0006265664160401
rs728378,0.0009050038304907062
rs730284,0.000704455504145672
rs7307839,0.0010915836025743612
rs7309707,0.0007399891272416618
rs731869,0.0006615022404496088
rs732078,0.0005740077515576706
rs732609,0.0008722628836480827
rs7398343,0.0006130865011133408
rs7405450,0.0005823893994443253
rs741718,0.0007784892202430777
rs744027,0.0009049583638352782
rs745469,0.0012681912681912668
rs7487676,0.0009373326116449574
rs7495174,0.0015565316434930044
rs7507593,0.0005938169574533211
rs7521746,0.000560495729219606
rs7522454,0.0005182897952224896
rs7530353,0.000678604426063619
rs754217,0.0009388013447442076
rs7544832,0.0005500037910379862
rs7554994,0.0008808091714387466
rs7559533,0.0011289093379446638
rs7563853,0.0005587061541692923
rs7578485,0.000744160983075734
rs758470,0.0009388761678899266
rs7593722,0.0006904005557814241
rs7596716,0.0011388145702485083
rs7609997,0.0005159997573734417
rs7619783,0.0007146985048199885
rs7647405,0.001182824135740156
rs7647823,0.0011248710010319924
rs7648520,0.0009627863982400082
rs7653502,0.0005040957781978577
rs7700004,0.0009479086505503579
rs7703871,0.00304458774156133
rs7705780,0.001310806708714671
rs7721781,0.001085215406747974
rs7731860,0.0013922761767589352
rs7741791,0.0007177341088468158
rs7758661,0.0008169337048647382
rs7765914,0.0008950558544842179
rs7787452,0.0012639186868273655
rs780159,0.0012989633340290824
rs7803148,0.0008781161129206018
rs7818687,0.0008840035653614874
rs782733,0.0009094559675955025
rs7828548,0.0006367616123713683
rs7828726,0.0013070632890801687
rs7831518,0.00060797775382855
rs7850784,0.0008630153735271599
rs7852100,0.0006008762779052787
rs7864191,0.0008468911250207408
rs7870214,0.0005361681195857129
rs7872685,0.0009183017539563499
rs7875247,0.0005447307772889167
rs7889839,0.0009932104976311355
rs7902584,0.000521451684242382
rs7922237,0.0006759278699232506
rs7933640,0.000782197163149544
rs7936068,0.0007135154492580854
rs7943194,0.0010628137827274362
rs7962395,0.0007965094821712467
rs7964150,0.0007086817194003463
rs7996487,0.0008026677198485154
rs8002177,0.0011813107472734257
rs8004642,0.0009244992295839753
rs8016941,0.0006541496598639453
rs8017097,0.0007704845162246258
rs8025577,0.0011502296230217733
rs8028106,0.0007849700741273279
rs8044364,0.0006040418578335666
rs8047011,0.0008779264214046823
rs8051216,0.0007282130624584841
rs8053242,0.001130215455791474
rs8071082,0.0005446694363570938
rs8077158,0.0008928192215514366
rs8080053,0.0008796001065191805
rs8083213,0.0011094551603565389
rs8084193,0.0011299078730929518
rs8126456,0.0005149240861961184
rs8126788,0.0011904493985721862
rs8133535,0.0005144871780148603
rs817403,0.0009799593711656963
rs845753,0.0006160488626790227
rs863087,0.0006830989924289861
rs8664,0.0006084351749484564
rs867538,0.0006479229095544552
rs869080,0.0006065711878685762
rs878715,0.0007651019539361083
rs896020,0.0008425825896082622
rs900240,0.001062798058210902
rs904596,0.001101743484555984
rs908279,0.0005559344717979076
rs909935,0.0006152313256774102
rs913232,0.0009453975693488236
rs914828,0.0009869280372332373
rs917929,0.0009702573641192559
rs918626,0.0007747014394232557
rs920810,0.001077151844275947
rs920938,0.0008476992167332951
rs9283855,0.0008011560597767492
rs9284892,0.0007117380119663554
rs929555,0.0005349315681187939
rs9303016,0.0008222653213201419
rs930516,0.0005649717514124293
rs9307787,0.0006542261588675829
rs9310545,0.0005896542481908336
rs9310866,0.0006556478249822817
rs9317667,0.0009805232622486215
rs9321456,0.0007866137657409002
rs9328845,0.0006797331109257712
rs9346612,0.0006746784735399535
rs9355598,0.0008247165599122423
rs9392857,0.0007592421242806063
rs9394270,0.001299530494085231
rs9396441,0.0008445564460602053
rs941110,0.0008138660891919709
rs943099,0.0009134786964649836
rs9444253,0.0009138236842221659
rs9446627,0.000770537979840305
rs944962,0.0009145419893968009
rs9462492,0.0008543044742573215
rs9466100,0.0005760483920445406
rs9540074,0.0008125013229473148
rs9542990,0.0007725930158986124
rs9544099,0.0005565991790162109
rs9563119,0.0005836341102951979
rs9568558,0.0005605748103467412
rs9578135,0.0005510377663113126
rs9578484,0.0007615279720484354
rs958187,0.000767937716010207
rs9603043,0.0005450111519001623
rs9604529,0.0017642059885827192
rs9640766,0.0006153219542386236
rs9653947,0.0010936146054322164
rs9662936,0.0007814622794731941
rs9687964,0.0008713922575231976
rs9816955,0.0008989026941153573
rs9827893,0.0006481231433972457
rs9838863,0.0011021307648081634
rs986119,0.0006011406437965892
rs9871881,0.0008521365975013487
rs9878692,0.0010237325380441818
rs9897376,0.0006947019973967951
rs991093,0.0005993682679181737
rs9913851,0.0007535989985395362
rs9922485,0.0012655573496614992
rs9929251,0.0005555616522540714
rs9932716,0.0010923368773988619
rs9935924,0.0007989311566267495
rs9939416,0.0009178812085793029
rs994439,0.0011766357939090946
rs9952451,0.0007716881959323054
rs9964756,0.0005736137667304014
rs997384,0.0005937499999999998
rs9990512,0.0006187295249795247
rs999486,0.0008011346722933343
